geometry.viewport.northeast.lat,geometry.viewport.northeast.lng,formatted_address,name,rating,search_name,search_postal_code
47.37028842989272,8.542742129892721,"Fraumünsterstrasse 16, 8001 Zürich, Switzerland",LIDL SWITZERLAND,4.4,LIDL, 8001
47.36303312989272,8.516097029892721,"Grubenstrasse 28, 8045 Zürich, Switzerland",LIDL SCHWEIZ,4.1,LIDL, 8002
47.39353982989272,8.516620829892721,"Förrlibuckstrasse 62, 8005 Zürich, Switzerland",LIDL SCHWEIZ,4.3,LIDL, 8002
47.41177822989273,8.54718792989272,"Ohmstrasse 11, 8050 Zürich, Switzerland",LIDL SCHWEIZ,4.1,LIDL, 8002
47.41192422989272,8.543998279892723,"Hofwiesenstrasse 350, 8050 Zürich, Switzerland",LIDL SCHWEIZ,3.9,LIDL, 8002
47.40902792989272,8.58640797989272,"Ueberlandstrasse 381, 8051 Zürich, Switzerland",LIDL,4.1,LIDL, 8002
47.42382932989272,8.500618079892723,"Wehntalerstrasse 625, 8046 Zürich, Switzerland",LIDL SCHWEIZ,4.2,LIDL, 8002
47.40084197989273,8.434018979892722,"Reitmenstrasse 5, 8952 Schlieren, Switzerland",LIDL,4.1,LIDL, 8002
47.41364382989272,8.61493142989272,"Neue Winterthurerstrasse 2, 8304 Wallisellen, Switzerland",LIDL,4.1,LIDL, 8002
47.45612667989271,8.58068627989272,"Schaffhauserstrasse 165, 8302 Kloten, Switzerland",LIDL,4.1,LIDL, 8002
47.28438557989273,8.545178479892721,"Gattikonerstrasse 135, 8136 Gattikon, Switzerland",LIDL,4.2,LIDL, 8002
47.44549472989272,8.466607979892721,"Adlikerstrasse 295, 8105 Regensdorf, Switzerland",LIDL,4.2,LIDL, 8002
47.39675577989272,8.639727829892722,"Im Schörli 20, 8600 Dübendorf, Switzerland",LIDL,4.1,LIDL, 8002
47.41185287989272,8.405608129892721,"Rapidpl. 5, 8953 Dietikon, Switzerland",LIDL SCHWEIZ,4.1,LIDL, 8003
47.36952577989273,8.380600979892721,"Alte Bremgartenstrasse 10b, 8964 Rudolfstetten-Friedlisberg, Switzerland",LIDL,4.4,LIDL, 8003
47.38049682989272,8.678866379892721,"Müllerenstrasse 5, 8604 Volketswil, Switzerland",LIDL SCHWEIZ,4.2,LIDL, 8003
47.42219402989272,8.36974405,"Zentrumsstrasse, 8957 Spreitenbach, Switzerland",LIDL,3.8,LIDL, 8003
47.27942392989273,8.454496779892724,"Centralweg 3, 8910 Affoltern am Albis, Switzerland",LIDL SCHWEIZ,4.1,LIDL, 8003
47.47673127989273,8.50820987989272,"Lägernstrasse 4, 8154 Oberglatt, Switzerland",LIDL,4.3,LIDL, 8003
47.39372052989271,8.517127679892722,"Gaswerkstrasse 2, 8952 Zürich, Switzerland",LIDL SCHWEIZ,4.4,LIDL, 8006
47.26439547989272,8.592439179892718,"Seestrasse 83 / 93, 8810 Horgen, Switzerland",LIDL SCHWEIZ,4.2,LIDL, 8008
47.51041677989272,8.54174337989272,"Feldstrasse 89, 8180 Bülach, Switzerland",LIDL SCHWEIZ,4.2,LIDL, 8037
47.23814282989272,8.63748132989272,"Steinacherstrasse 147, 8820 Wädenswil, Switzerland",LIDL SCHWEIZ,4.2,LIDL, 8041
47.48741862989272,8.705541679892722,"In der Au, 8400 Winterthur, Switzerland",SUPER MARKET LIDL,4.3,LIDL, 8044
47.28089782989272,8.337285379892723,"Aarauerstrasse 36, 5630 Muri, Switzerland",LIDL SCHWEIZ,4.2,LIDL, 8047
47.36742757989271,8.772170179892722,"Schützenhausstrasse 7, 8330 Pfäffikon, Switzerland",LIDL SCHWEIZ,4.1,LIDL, 8053
47.38216002989272,8.53460497989272,"Zollstrasse 58, 8005 Zürich, Switzerland",ALDI,4.3,ALDI, 8001
47.37513112989271,8.538986579892722,"Sihlstrasse 3, 8001 Zürich, Switzerland",ALDI ZÜRICH,4.2,ALDI, 8001
47.38959882989273,8.498063829892722,"Hohlstrasse 473, 8048 Zürich, Switzerland",ALDI SUISSE,4.2,ALDI, 8001
47.38518447989273,8.499162679892722,"Badenerstrasse 565, 8048 Zürich, Switzerland",ALDI ZÜRICH,4.2,ALDI, 8001
47.41035517989272,8.545056179892722,"Baumackerstrasse 35, 8050 Zürich, Switzerland",ALDI ZÜRICH,4.2,ALDI, 8001
47.35987287989272,8.586938879892722,"Witikonerstrasse 279, 8053 Zürich, Switzerland",ALDI ZÜRICH,4.3,ALDI, 8001
47.41495267989272,8.540530729892723,"Binzmühlestrasse 102, 8050 Zürich, Switzerland",ALDI,4.2,ALDI, 8001
47.34230982989272,8.531865679892721,"Albisstrasse 81, 8038 Zürich, Switzerland",ALDI ZÜRICH,4.4,ALDI, 8001
47.42070727989272,8.558022779892724,"Schärenmoosstrasse 77, 8052 Zürich, Switzerland",ALDI SUISSE - ZURICH,4.3,ALDI, 8001
47.40713742989271,8.593194929892723,"Ueberlandstrasse 441, 8051 Zürich, Switzerland",ALDI ZÜRICH,4.1,ALDI, 8001
47.38213302989272,8.534622179892722,"Zollstrasse 58a, 8005 Zürich, Switzerland",ALDI 2,0.0,ALDI, 8001
47.40584527989272,8.603696629892724,"Zwirnereistrasse 7/9, 8304 Wallisellen, Switzerland",ALDI SUISSE AG,4.5,ALDI, 8001
47.44023212989271,8.57366507989272,"Schaffhauserstrasse 134, 8152 Opfikon, Switzerland",ALDI,4.3,ALDI, 8001
47.39997452989272,8.46074497989272,"Wagistrasse 20, 8952 Schlieren, Switzerland",ALDI SCHLIEREN,4.2,ALDI, 8001
47.33387739999998,8.625694549999997,"Dorfpl. 14, 8126 Zumikon, Switzerland",ALDI ZUMIKON,4.4,ALDI, 8001
47.41372267989271,8.620320329892722,"Industriestrasse 31, 8305 Dietlikon, Switzerland",ALDI,4.1,ALDI, 8001
47.31752942989272,8.52224952989272,"Soodring 36, 8134 Adliswil, Switzerland",ALDI ADLISWIL,4.5,ALDI, 8001
47.39435607989272,8.64371062989272,"Im Schossacher 24, 8600 Dübendorf, Switzerland",ALDI DÜBENDORF,4.1,ALDI, 8001
47.43962032989272,8.474516829892721,"Feldstrasse 32, 8105 Regensdorf, Switzerland",ALDI REGENSDORF,4.0,ALDI, 8001
47.40121557989271,8.443049029892721,"Goldschlägipl. 3, 8952 Schlieren, Switzerland",ALDI SCHLIEREN,4.1,ALDI, 8002
47.45204077989273,8.539824779892722,"Hofwisenstrasse 42, 8153 Rümlang, Switzerland",ALDI RÜMLANG,4.2,ALDI, 8002
47.40428422989272,8.407233329892723,"Zürcherstrasse 55, 8953 Dietikon, Switzerland",ALDI DIETIKON,4.1,ALDI, 8003
47.27878847989272,8.61907052989272,"General-Wille-Strasse 144, 8706 Meilen, Switzerland",ALDI MEILEN,4.3,ALDI, 8008
47.27418237989271,8.448101529892723,"Industriestrasse 5, 8910 Affoltern am Albis, Switzerland",ALDI AFFOLTERN A. A.,4.0,ALDI, 8045
47.48313997989272,8.467704129892722,"Ruchwiesenstrasse 5, 8157 Dielsdorf, Switzerland",ALDI DIELSDORF,4.3,ALDI, 8046
47.38685997989272,8.397323679892722,"Bernstrasse 378, 8953 Dietikon, Switzerland",ALDI DIETIKON,4.2,ALDI, 8047
47.37771987989272,8.54535912989272,"Niederdorfstrasse 88, 8001 Zürich, Switzerland",DENNER EXPRESS,4.1,DENNER, 8001
47.37415252989273,8.530804129892722,"Werdstrasse 36, 8004 Zürich, Switzerland",DENNER DISCOUNT,4.2,DENNER, 8002
47.36314347989272,8.519194729892723,"Uetlibergstrasse 102, 8045 Zürich, Switzerland",DENNER EXPRESS,4.1,DENNER, 8002
47.35972332989272,8.519313429892723,"Giesshübelstrasse 65, 8045 Zürich, Switzerland",DENNER DISCOUNT,4.4,DENNER, 8002
47.37628167989272,8.52483232989272,"Wengistrasse 7, 8004 Zürich, Switzerland",DENNER EXPRESS,4.0,DENNER, 8002
47.38092392989272,8.528470129892723,"Sihlhallenstrasse 5/7, 8004 Zürich, Switzerland",DENNER EXPRESS,4.0,DENNER, 8002
47.34590507989272,8.532130529892722,"Etzelstrasse 6, 8038 Zürich, Switzerland",DENNER DISCOUNT,4.2,DENNER, 8002
47.38467597989272,8.53221137989272,"Josefstrasse 92, 8005 Zürich, Switzerland",DENNER EXPRESS,4.1,DENNER, 8002
47.38522582989273,8.533314829892722,"Fierzgasse 18, 8005 Zürich, Switzerland",DENNER DISCOUNT,4.2,DENNER, 8002
47.38676937989273,8.533440029892722,"Limmatstrasse 152, 8005 Zürich, Switzerland",DENNER DISCOUNT,4.3,DENNER, 8002
47.37797367989272,8.528476979892723,"Molkenstrasse 8, 8004 Zürich, Switzerland",DENNER EXPRESS,4.1,DENNER, 8002
47.36477317989272,8.551705529892722,"Kreuzstrasse 40, 8008 Zürich, Switzerland",DENNER EXPRESS,4.1,DENNER, 8002
47.37142512989271,8.510063529892722,"Birmensdorferstrasse 320, 8055 Zürich, Switzerland",DENNER DISCOUNT,4.1,DENNER, 8002
47.36580882989273,8.557000629892725,"Apollostrasse 2, 8032 Zürich, Switzerland",DENNER EXPRESS,4.2,DENNER, 8002
47.37047307989272,8.55728902989272,"Hottingerstrasse 52, 8032 Zürich, Switzerland",DENNER EXPRESS,4.5,DENNER, 8002
47.37051307989271,8.504347429892722,"Birmensdorferstrasse 406, 8055 Zürich, Switzerland",DENNER DISCOUNT,4.2,DENNER, 8002
47.38779982989271,8.50033082989272,"Baslerstrasse 50, 8048 Zürich, Switzerland",DENNER DISCOUNT,4.0,DENNER, 8002
47.35972487989272,8.57306052989272,"Forchstrasse 261, 8032 Zürich, Switzerland",DENNER EXPRESS,4.3,DENNER, 8002
47.37732657989272,8.485424129892722,"Bockhornstrasse 1, 8047 Zürich, Switzerland",DENNER DISCOUNT,4.1,DENNER, 8002
47.38047332989272,8.561065079892723,"Toblerstrasse 76, 8044 Zürich, Switzerland",DENNER EXPRESS,4.0,DENNER, 8002
47.37786467989272,8.49882542989272,"Letzigraben 120, 8047 Zürich, Switzerland",DENNER DISCOUNT,4.3,DENNER, 8003
47.39411242989271,8.529887229892719,"Landenbergstrasse 22, 8037 Zürich, Switzerland",DENNER EXPRESS,4.1,DENNER, 8003
47.39021377989273,8.540323029892724,"Schaffhauserstrasse 11, 8006 Zürich, Switzerland",DENNER EXPRESS,4.1,DENNER, 8003
47.38860022989273,8.48737602989272,"Lindenpl. 4, 8048 Zürich, Switzerland",DENNER EXPRESS,4.0,DENNER, 8003
47.38975262989272,8.488215879892723,"im OG, Altstetterstrasse 145, 8048 Zürich, Switzerland",DENNER DISCOUNT,4.3,DENNER, 8003
47.39211027989273,8.54649202989272,"Winterthurerstrasse 83, 8006 Zürich, Switzerland",DENNER EXPRESS,4.3,DENNER, 8003
47.38719687989272,8.493901079892723,"Badenerstrasse 621, 8048 Zürich, Switzerland",DENNER DISCOUNT,4.5,DENNER, 8003
47.40038612989272,8.533943429892723,"Hofwiesenstrasse 135, 8057 Zürich, Switzerland",DENNER EXPRESS,3.9,DENNER, 8004
47.40324897989272,8.500836429892722,"Limmattalstrasse 177, 8049 Zürich, Switzerland",DENNER EXPRESS,4.1,DENNER, 8005
47.40463282989271,8.49962432989272,"Regensdorferstrasse 16, Einkaufszentrum, 8049 Zürich, Switzerland",DENNER DISCOUNT,4.3,DENNER, 8005
47.41285422989273,8.527945979892722,"Regensbergstrasse 309, 8050 Zürich, Switzerland",DENNER DISCOUNT,4.0,DENNER, 8005
47.39320982989272,8.486198879892722,"Hohlstrasse 610, 8048 Zürich, Switzerland",DENNER DISCOUNT,4.2,DENNER, 8005
47.40877867989272,8.54985412989272,"Schwamendingenstrasse 24, 8050 Zürich, Switzerland",DENNER DISCOUNT,4.2,DENNER, 8006
47.40582207989272,8.57583367989272,"Winterthurerstrasse 549, 8051 Zürich, Switzerland",DENNER DISCOUNT,4.2,DENNER, 8006
47.35972192989273,8.587641229892721,"Witikonerstrasse 299, Einkaufszentrum Witikon, 8053 Zürich, Switzerland",DENNER DISCOUNT,4.3,DENNER, 8032
47.31670372989273,8.531897029892724,"Tiefackerstrasse 20, 8134 Adliswil, Switzerland",DENNER DISCOUNT,4.1,DENNER, 8038
47.32195757989272,8.523387729892722,"Soodstrasse 52, 8134 Adliswil, Switzerland",DENNER EXPRESS,4.0,DENNER, 8041
47.31364442989273,8.525687229892723,"Florastrasse 10 Ladenzentrum Bahnhof, 8134 Adliswil, Switzerland",DENNER DISCOUNT,4.0,DENNER, 8041
47.42143337989272,8.509733179892722,"In Böden 174, 8046 Zürich, Switzerland",DENNER DISCOUNT,4.3,DENNER, 8046
47.41008602989272,8.464603929892723,"Ladengasse 1, 8102 Oberengstringen, Switzerland",DENNER DISCOUNT,4.0,DENNER, 8049
47.41201972989272,8.544487129892719,"Hofwiesenstrasse 350, 8050 Zürich, Switzerland",DENNER DISCOUNT,4.1,DENNER, 8050
47.42247187989272,8.550831379892722,"Schaffhauserstrasse 491, 8052 Zürich, Switzerland",DENNER DISCOUNT,4.1,DENNER, 8050
47.42252422989272,8.55888602989272,"Thurgauerstrasse 106, 8152 Opfikon, Switzerland",DENNER DISCOUNT,4.2,DENNER, 8050
47.42850382989272,8.547971729892721,"Glattalstrasse 76, 8052 Zürich, Switzerland",DENNER EXPRESS,4.0,DENNER, 8050
47.40534397989273,8.573934979892721,"Winterthurerstrasse 524, 8051 Zürich, Switzerland",DENNER DISCOUNT,5.0,DENNER, 8050
47.42961637989273,8.575327279892722,"Wallisellerstrasse 114/116, 8152 Opfikon, Switzerland",DENNER PARTNER,4.3,DENNER, 8050
47.41564892989272,8.592279729892724,"Bahnhofstrasse 9, 8304 Wallisellen, Switzerland",DENNER DISCOUNT,4.2,DENNER, 8050
47.40130492989272,8.589127429892722,"Dübendorfstrasse 271, 8051 Zürich, Switzerland",DENNER DISCOUNT,4.4,DENNER, 8050
47.43758682989272,8.569707829892721,"Schaffhauserstrasse 141, 8152 Opfikon, Switzerland",DENNER DISCOUNT,4.2,DENNER, 8050
47.40926217989272,8.598071029892722,"Neue Winterthurerstrasse 99, 8304 Wallisellen, Switzerland",DENNER DISCOUNT,4.2,DENNER, 8050
47.43253902989272,8.560672929892723,"Bahnhofpl. 8a, 8152 Opfikon, Switzerland",DENNER EXPRESS,5.0,DENNER, 8052
47.36360332989273,8.518224329892721,"Grubenstrasse 10, 8045 Zürich, Switzerland",DENNER,3.2,DENNER, 8055
47.37636967989273,8.537603979892724,"Löwenstrasse 31, 8001 Zürich, Switzerland",ALNATURA BIO SUPER MARKT,4.6,ALNATURA, 8001
47.37972157989272,8.537054879892722,"Sihlquai, 8001 Zürich, Switzerland",ALNATURA BIO SUPER MARKT,4.5,ALNATURA, 8001
47.37568492989272,8.545351779892721,"Mühlegasse 11, 8001 Zürich, Switzerland",ALNATURA BIO SUPER MARKT,3.8,ALNATURA, 8001
47.40471842989272,8.499368129892725,"Kappenbühlweg 5, 8049 Zürich, Switzerland",ALNATURA BIO SUPER MARKT,4.4,ALNATURA, 8002
47.41047877989271,8.544892979892722,"Baumackerstrasse 35, 8050 Zürich, Switzerland",ALNATURA BIO SUPER MARKT,4.5,ALNATURA, 8002
47.36577177989271,8.555593329892721,"Kreuzpl. 20, 8008 Zürich, Switzerland",ALNATURA BIO SUPER MARKT,4.6,ALNATURA, 8002
47.40997402989272,8.59662667989272,"Einkaufszentrum Glatt, Neue Winterthurerstrasse 99, 8304 Wallisellen, Switzerland",ALNATURA BIO SUPER MARKT,4.0,ALNATURA, 8005
47.52254682989273,8.541283229892722,"Bahnhofstrasse 28, 8180 Bülach, Switzerland",ALNATURA BIO SUPER MARKT,4.4,ALNATURA, 8008
47.17463112989272,8.518254279892721,"Baarerstrasse 22, 6300 Zug, Switzerland",ALNATURA BIO SUPER MARKT,4.2,ALNATURA, 8008
47.49801477989272,8.754350379892722,"Industriestrasse 11, 8400 Winterthur, Switzerland",ALNATURA BIO SUPER MARKT,4.5,ALNATURA, 8008
47.35084907989272,8.71703687989272,"Zürichstrasse 20, 8610 Uster, Switzerland",ALNATURA BIO SUPER MARKT,4.3,ALNATURA, 8008
47.37162062989272,8.55058632989272,"Hottingerstrasse 2, 8032 Zürich, Switzerland",SPAR EXPRESS ZÜRICH SCHAUSPIELHAUS,4.0,SPAR, 8001
47.37167162989272,8.55820032989272,"Dolderstrasse 5, 8032 Zürich, Switzerland",SPAR SUPERMARKT DOLDERSTRASSE,4.0,SPAR, 8001
47.38047902989272,8.561077629892722,"Toblerpl. 5, 8044 Zürich, Switzerland",SPAR EXPRESS ZÜRICH TOBLERPLATZ,4.0,SPAR, 8001
47.36176082989272,8.564698829892722,"Forchstrasse 140, 8032 Zürich, Switzerland",SPAR SUPERMARKT ZÜRICH FORCHSTRASSE,3.8,SPAR, 8001
47.39492837989272,8.514401879892722,"Hardturmstrasse 126, 8005 Zürich, Switzerland",SPAR EXPRESS ZÜRICH HARDTURMSTRASSE,3.5,SPAR, 8001
47.38088857989272,8.529061029892723,"Langstrasse 124, 8004 Zürich, Switzerland",SPAR SUPERMARKT GERLAFINGEN,0.0,SPAR, 8001
47.40467042989273,8.54861667989272,"Schaffhauserstrasse 239, 8057 Zürich, Switzerland",EUROSPAR,4.3,SPAR, 8001
47.41285847989272,8.529423979892721,"Regensbergstrasse 300, 8050 Zürich, Switzerland",SPAR SUPERMARKT,3.9,SPAR, 8001
47.38153697989272,8.49101922989272,"Freilagerstrasse 51, 8047 Zürich, Switzerland",SPAR SUPERMARKT ZOLLFREILAGER,4.2,SPAR, 8001
47.42434332989272,8.500725479892722,"Wehntalerstrasse 634, 8046 Zürich, Switzerland",SPAR SUPERMARKT,4.1,SPAR, 8001
47.39860142989272,8.432379729892723,"Badenerstrasse 104, 8952 Schlieren, Switzerland",SPAR SUPERMARKT SCHLIEREN,4.6,SPAR, 8001
47.39107447989272,8.618732679892723,"u. Geerenstrasse 1, 8600 Dübendorf, Switzerland",SPAR SUPERMARKT DÜBENDORF,3.9,SPAR, 8001
47.30747332989273,8.557514879892722,"Pilgerweg 45, 8803 Rüschlikon, Switzerland",SPAR SUPERMARKT RÜSCHLIKON,4.2,SPAR, 8001
47.44554122989273,8.580140329892723,"Schaffhauserstrasse 60, 8302 Kloten, Switzerland",SPAR SUPERMARKT BRAMEN,4.0,SPAR, 8001
47.44922972989272,8.585721529892721,"Breitistrasse 24, 8302 Kloten, Switzerland",SPAR SUPERMARKT KLOTEN BREITISTRASSE,4.1,SPAR, 8001
47.42442952989271,8.619927779892723,"Bahnhofstrasse 42, 8305 Dietlikon, Switzerland",SPAR SUPERMARKT DIETLIKON,4.3,SPAR, 8001
47.38328482989272,8.653953929892722,"Bahnhofstrasse 1, 8603 Schwerzenbach, Switzerland",SPAR SUPERMARKT SCHWERZENBACH,4.1,SPAR, 8001
47.31632702989272,8.471023679892724,"Dorfstrasse 15, 8906 Bonstetten, Switzerland",SPAR SUPERMARKT BONSTETTEN,4.1,SPAR, 8001
47.44065307989271,8.44275237989272,"Regensdorferstrasse 22, 8108 Dällikon, Switzerland",SPAR SUPERMARKT DÄLLIKON,4.2,SPAR, 8002
47.42131042989272,8.436059979892722,"Regensdorferstrasse 2, 8104 Weiningen, Switzerland",SPAR SUPERMARKT WEININGEN,4.3,SPAR, 8003
47.43797252989272,8.47495107989272,"Althardstrasse 10, 8105 Regensdorf, Switzerland",SPAR,0.0,SPAR, 8037
47.46561457989272,8.527885729892718,"Oberglatterstrasse 35, 8153 Rümlang, Switzerland",SPAR EXPRESS RÜMLANG,4.1,SPAR, 8037
47.24497762989272,8.46302097989272,"Bahnhofstrasse 6/8, 8932 Mettmenstetten, Switzerland",SPAR SUPERMARKT METTMENSTETTEN,4.2,SPAR, 8041
47.38326692989271,8.425082729892722,"Bachstrasse 11, 8902 Urdorf, Switzerland",SPAR SUPERMARKT URDORF,4.2,SPAR, 8045
47.44674187989273,8.465401479892721,"Pumpwerkstrasse 56, 8105 Regensdorf, Switzerland",SPAR,4.2,SPAR, 8049
47.37665627989272,8.537678979892721,"Löwenstrasse 31-35, 8001 Zürich, Switzerland",MIGROS,4.3,MIGROS, 8001
47.37977407989272,8.541851179892724,"Hauptbahnhof, 8001 Zürich, Switzerland",MIGROS SUPERMARKT,4.3,MIGROS, 8001
47.37850612989273,8.540598779892722,"ShopVille - Zürich Hauptbahnhof, 8001 Zürich, Switzerland",MIGROS SUPERMARKT,4.2,MIGROS, 8001
47.37972157989272,8.537055329892722,"Sihlpassage, 8004 Zürich, Switzerland",MIGROS SUPERMARKT,4.3,MIGROS, 8001
47.36667517989272,8.549208329892721,"Falkenstrasse 19 - 21, 8008 Zürich, Switzerland",MIGROS,4.2,MIGROS, 8001
47.36965767989272,8.53561527989272,"Stockerstrasse 47, 8002 Zürich, Switzerland",MIGROS SUPERMARKT,4.1,MIGROS, 8001
47.38681302989272,8.532758629892719,"Limmatstrasse 152, 8005 Zürich, Switzerland",MIGROS SUPERMARKT,4.3,MIGROS, 8001
47.36585892989272,8.555126929892722,"Kreuzpl. 20, 8008 Zürich, Switzerland",MIGROS SUPERMARKT,4.3,MIGROS, 8001
47.36553922989273,8.532502079892723,"Tessinerpl. 10, 8002 Zürich, Switzerland",MIGROS SUPERMARKT,4.2,MIGROS, 8001
47.37638112989272,8.52443992989272,"Wengistrasse 7, 8004 Zürich, Switzerland",MIGROS SUPERMARKT,4.2,MIGROS, 8001
47.38737157989272,8.549926579892722,"Winterthurerstrasse 2/4, 8006 Zürich, Switzerland",MIGROS SUPERMARKT,4.2,MIGROS, 8001
47.37953822989272,8.537432479892722,"Sihlpassage, 8004 Zürich, Switzerland",MIGROS TAKE AWAY,3.9,MIGROS, 8001
47.37981947989272,8.541840179892723,"Bahnhofstrasse, 8001 Zürich, Switzerland",MIGROS,2.9,MIGROS, 8001
47.37139032989272,8.52139712989272,"Birmensdorferstrasse 140, 8003 Zürich, Switzerland",MIGROS SUPERMARKT,4.2,MIGROS, 8001
47.39255727989271,8.520145979892723,"Hardturmstrasse 11, 8005 Zürich, Switzerland",MIGROS SUPERMARKT,4.3,MIGROS, 8001
47.35984097989272,8.519047979892722,"BRUNAUPARK, Giesshübelstrasse 65, 8045 Zürich, Switzerland",MIGROS SUPERMARKT,4.3,MIGROS, 8002
47.34602447989273,8.531280779892723,"Etzelstrasse 3, 8038 Zürich, Switzerland",MIGROS SUPERMARKT,4.3,MIGROS, 8002
47.37124452989272,8.510165079892722,"Birmensdorferstrasse 320, 8055 Zürich, Switzerland",MIGROS SUPERMARKT,4.3,MIGROS, 8002
47.39167557989271,8.51036957989272,"Pfingstweidstrasse 101, 8005 Zürich, Switzerland",MIGROS-SUPERMARKT,4.2,MIGROS, 8002
47.38042502989272,8.510100079892721,"Badenerstrasse 376, 8004 Zürich, Switzerland",MIGROS SUPERMARKT,4.1,MIGROS, 8002
47.37633937989271,8.524508879892721,"Wengistrasse 7, 8004 Zürich, Switzerland",MIGROS TAKE AWAY,3.0,MIGROS, 8004
47.39503192989272,8.530678929892721,"Scheffelstrasse 3, 8037 Zürich, Switzerland",MIGROS SUPERMARKT,4.1,MIGROS, 8004
47.39196112989272,8.50824555,"Pfingstweidstrasse 101, 8005 Zürich, Switzerland",GENOSSENSCHAFT MIGROS ZÜRICH,3.8,MIGROS, 8005
47.38646362989272,8.532631429892723,"Limmatstrasse 152, 8005 Zürich, Switzerland",MIGROS-GENOSSENSCHAFTS-BUND,3.8,MIGROS, 8005
47.39389472989273,8.539833729892722,"Schaffhauserstrasse 75, 8057 Zürich, Switzerland",MIGROS,4.0,MIGROS, 8005
47.38119662989272,8.538243479892724,"Zollstrasse 6, 8005 Zürich, Switzerland",MIGROS SUPERMARKT (MIT DAILY PRODUKTEN),4.5,MIGROS, 8005
47.40504897989273,8.498460729892724,"Regensdorferstrasse 20, 8049 Zürich, Switzerland",MIGROS SUPERMARKT,4.3,MIGROS, 8005
47.38683982989271,8.533195829892723,"Limmatstrasse 152, 8005 Zürich, Switzerland",KLUBSCHULE MIGROS,4.1,MIGROS, 8005
47.35966897989272,8.55540982989272,"Seefeldstrasse 111/113, 8008 Zürich, Switzerland",MIGROS SUPERMARKT,4.2,MIGROS, 8008
47.35891442989272,8.572991479892721,"Forchstrasse 260, 8008 Zürich, Switzerland",MIGROS SUPERMARKT,4.1,MIGROS, 8008
47.36004612989272,8.586931479892723,"Witikonerstrasse 293, 8053 Zürich, Switzerland",MIGROS SUPERMARKT,4.3,MIGROS, 8008
47.36609557989272,8.555331779892722,"Kreuzpl. 20, 8008 Zürich, Switzerland",MIGROS TAKE AWAY,3.5,MIGROS, 8008
47.38069372989273,8.56086332989272,"Toblerstrasse 73, 8044 Zürich, Switzerland",MIGROS SUPERMARKT,3.9,MIGROS, 8008
47.33724247989272,8.520097029892721,"Leimbachstrasse 23, 8041 Zürich, Switzerland",MIGROS SUPERMARKT,4.1,MIGROS, 8041
47.35941727989272,8.52065027989272,"Giesshübelstrasse 65, 8045 Zürich, Switzerland",MIGROS RESTAURANT,4.0,MIGROS, 8045
47.35921402989272,8.523556379892721,"Kalanderpl. 1, 8045 Zürich, Switzerland",MIGROS FITNESSPARK SIHLCITY,4.0,MIGROS, 8045
47.42138647989272,8.50997972989272,"Jonas-Furrer-Strasse 21, 8046 Zürich, Switzerland",MIGROS SUPERMARKT,4.2,MIGROS, 8046
47.37655442989272,8.487069329892723,"Albisriederstrasse 365, 8047 Zürich, Switzerland",MIGROS SUPERMARKT,4.1,MIGROS, 8047
47.38962772989272,8.48841567989272,"Neumarkt Altstetten, Altstetterstrasse 145, 8048 Zürich, Switzerland",MIGROS SUPERMARKT,4.4,MIGROS, 8048
47.39261177989273,8.489095479892722,"Hohlstrasse 600, 8048 Zürich, Switzerland",MIGROS SUPERMARKT,4.2,MIGROS, 8048
47.41201572989272,8.544101879892724,"Einkaufszentrum Neumarkt, Hofwiesenstrasse 350, 8050 Zürich, Switzerland",MIGROS SUPERMARKT,4.3,MIGROS, 8050
47.40534422989273,8.574308129892723,"Winterthurerstrasse 524, 8051 Zürich, Switzerland",MIGROS SUPERMARKT,4.2,MIGROS, 8050
47.42088322989272,8.549675729892721,"Schaffhauserstrasse 470, 8052 Zürich, Switzerland",MIGROS SUPERMARKT,4.3,MIGROS, 8050
47.42237052989272,8.559046779892721,"Thurgauerstrasse 106, 8152 Opfikon, Switzerland",MIGROS SUPERMARKT,4.2,MIGROS, 8050
47.41202602989272,8.544295729892722,"Hofwiesenstrasse 350/354, 8050 Zürich, Switzerland",MIGROS TAKE AWAY,3.9,MIGROS, 8050
47.37802197989272,8.54361672989272,"Bahnhofbrücke 1, 8001 Zürich, Switzerland",COOP SUPERMARKT ZÜRICH BAHNHOFBRÜCKE,4.3,COOP, 8001
47.37156582989272,8.53861687989272,"Bärengasse 16, 8001 Zürich, Switzerland",COOP SUPERMARKT ZÜRICH BÄRENGASSE,4.2,COOP, 8001
47.36791227989271,8.549140529892723,"Stadelhoferstrasse 10, 8001 Zürich, Switzerland",COOP ZÜRICH STADELHOFEN,4.2,COOP, 8001
47.37930372989273,8.536565129892722,"Europaallee 5, 8004 Zürich, Switzerland",COOP SUPERMARKT ZÜRICH EUROPAALLEE PASSAGE,4.2,COOP, 8001
47.37913127989272,8.539707379892723,"Halle, Löwenstrasse, 8021 Zürich, Switzerland",COOP SUPERMARKT ZÜRICH SHOPVILLE HB,4.0,COOP, 8001
47.36912432989272,8.537067729892721,"Bleicherweg 19, 8002 Zürich, Switzerland",COOP SUPERMARKT ZÜRICH BLEICHERWEG,3.9,COOP, 8001
47.36849497989272,8.54723722989272,"Theaterstrasse 18, 8001 Zürich, Switzerland",COOP CITY ZÜRICH BELLEVUE,4.2,COOP, 8001
47.37487432989272,8.531759529892721,"Badenerstrasse 15, 8004 Zürich, Switzerland",COOP SUPERMARKT ZÜRICH STAUFFACHER,4.1,COOP, 8001
47.37420987989272,8.538786029892723,"Bahnhofstrasse 57, 8001 Zürich, Switzerland",COOP SUPERMARKT CITY ZÜRICH ST. ANNAHOF FOOD,4.3,COOP, 8001
47.37471772989272,8.535837829892722,"Löwenstrasse 7, 8001 Zürich, Switzerland",COOP PRONTO SHOP,4.1,COOP, 8001
47.38198902989272,8.53615712989272,"Zollstrasse 42, 8005 Zürich, Switzerland",COOP SUPERMARKT ZÜRICH ZOLLSTRASSE,4.1,COOP, 8001
47.38387122989272,8.549160329892722,"Universitätstrasse 73, 8006 Zürich, Switzerland",COOP SUPERMARKT ZÜRICH UNIVERSITÄTSTRASSE,3.9,COOP, 8001
47.36452442989272,8.551285629892723,"Seefeldstrasse 35, 8008 Zürich, Switzerland",COOP SUPERMARKT ZÜRICH BROTGASSE,4.1,COOP, 8001
47.37417227989272,8.538896429892722,"Bahnhofstrasse 57, 8001 Zürich, Switzerland",COOP TOGO ZÜRICH CITY ST. ANNAHOF,4.3,COOP, 8001
47.37845212989272,8.527850729892723,"Hohlstrasse 35, 8004 Zürich, Switzerland",COOP SUPERMARKT ZÜRICH HOHLSTRASSE,4.0,COOP, 8001
47.36579972989271,8.556192529892723,"Forchstrasse 4, 8008 Zürich, Switzerland",COOP SUPERMARKT ZÜRICH KREUZPLATZ,3.9,COOP, 8001
47.37491042989272,8.52944552989272,"Badenerstrasse 44, 8004 Zürich, Switzerland",COOP PRONTO SHOP,4.1,COOP, 8001
47.36580167989272,8.532473529892721,"Tessinerpl. 10, 8002 Zürich, Switzerland",COOP SUPERMARKT ZÜRICH ENGE BAHNHOF,4.0,COOP, 8001
47.38523247989273,8.549510579892722,"Universitätstrasse 101, 8006 Zürich, Switzerland",COOP SUPERMARKT ZÜRICH RIGIPLATZ,3.8,COOP, 8001
47.37470742989272,8.536006429892721,"Löwenstrasse 9, 8001 Zürich, Switzerland",COOP PRONTO SHOP – ZÜRICH LÖWENSTRASSE,3.9,COOP, 8001
47.36579487989273,8.533268129892724,"Tessinerpl. 3, 8002 Zürich, Switzerland",COOP PRONTO SHOP,4.2,COOP, 8002
47.37214562989272,8.517401929892724,"Birmensdorferstrasse 200, 8003 Zürich, Switzerland",COOP SUPERMARKT ZÜRICH WIEDIKON,4.3,COOP, 8003
47.37910897989272,8.51254987989272,"Badenerstrasse 333, 8003 Zürich, Switzerland",COOP SUPERMARKT ZÜRICH ALBISRIEDERPLATZ,4.1,COOP, 8003
47.37701387989271,8.518570579892721,"Badenerstrasse 244, 8004 Zürich, Switzerland",COOP SUPERMARKT ZÜRICH LOCHERGUT,4.2,COOP, 8004
47.38617842989272,8.528478879892718,"Röntgenstrasse 48, 8005 Zürich, Switzerland",COOP SUPERMARKT ZÜRICH JOSEFSTRASSE,4.0,COOP, 8004
47.38746227989272,8.517749029892721,"Maagpl. 1, 8005 Zürich, Switzerland",COOP SUPERMARKT ZÜRICH MAAGPLATZ,4.1,COOP, 8004
47.37276462989272,8.526369329892722,"Birmensdorferstrasse 55, 8004 Zürich, Switzerland",COOP PRONTO SHOP,4.1,COOP, 8004
47.37580017989272,8.525331479892722,"Badenerstrasse 120, 8004 Zürich, Switzerland",COOP PRONTO SHOP,4.1,COOP, 8004
47.39192622989272,8.519614879892721,"Giessereistrasse 18, 8005 Zürich, Switzerland",COOP SUPERMARKT ZÜRICH PULS 5,4.1,COOP, 8005
47.39392387989272,8.525876329892723,"Röschibachstrasse 22, 8037 Zürich, Switzerland",COOP SUPERMARKT ZÜRICH WIPKINGERBRÜCKE,3.9,COOP, 8005
47.39238192989273,8.509262329892723,"Pfingstweidstrasse 106, 8005 Zürich, Switzerland",COOP SUPERMARKT ZÜRICH HARD TURM PARK,4.1,COOP, 8005
47.38872857989271,8.518757929892724,"Maschinenstrasse 10, 8005 Zürich, Switzerland",COOP SUPERMARKT PFINGSTWEIDSTRASSE PRIME 2,4.5,COOP, 8005
47.38788497989272,8.518896579892722,"Hardstrasse 221, 8005 Zürich, Switzerland",COOP PRONTO SHOP,4.0,COOP, 8005
47.39511592989272,8.530863029892721,"Scheffelstrasse 12, 8037 Zürich, Switzerland",COOP SUPERMARKT ZÜRICH SCHEFFELSTRASSE,4.0,COOP, 8005
47.38789597989273,8.50018722989272,"Baslerstrasse 50, 8066 Zürich, Switzerland",COOP SUPERMARKT ZÜRICH LETZIPARK,4.2,COOP, 8005
47.38413882989272,8.531197879892723,"Neugasse 50, 8005 Zürich, Switzerland",COOP TOGO ZÜRICH NEUGASSE,4.0,COOP, 8005
47.35938712989272,8.556116329892724,"Seefeldstrasse 123, 8008 Zürich, Switzerland",COOP SUPERMARKT ZÜRICH SEEFELD,4.1,COOP, 8008
47.35471912989272,8.560464829892721,"Seefeldstrasse 199, 8008 Zürich, Switzerland",COOP SUPERMARKT ZÜRICH TIEFENBRUNNEN,3.9,COOP, 8008
47.36923782989272,8.562162129892721,"Klosbachstrasse 104, 8032 Zürich, Switzerland",COOP SUPERMARKT ZÜRICH RÖMERHOF,4.0,COOP, 8032
47.36532987989272,8.56828927989272,"Witikonerstrasse 15, 8032 Zürich, Switzerland",COOP PRONTO SHOP,4.4,COOP, 8032
47.34119377989272,8.532032729892721,"Alte Kalchbühlstrasse 15, 8038 Zürich, Switzerland",COOP SUPERMARKT ZÜRICH WOLLISHOFEN,4.3,COOP, 8038
47.34854572989272,8.534492629892725,"Seestrasse 339, 8038 Zürich, Switzerland",COOP SUPERMARKT ZÜRICH WOLLISHOFEN SEESTR.,4.1,COOP, 8038
47.32772622989273,8.51578747989272,"Leimbachstrasse 200, 8041 Zürich, Switzerland",COOP SUPERMARKT ZÜRICH LEIMBACH,4.2,COOP, 8041
47.35917822989273,8.52387537989272,"Kalanderpl. 1, 8045 Zürich, Switzerland",COOP SUPERMARKT ZÜRICH SIHLCITY SUPERMARKT,4.4,COOP, 8041
47.36624642989272,8.522534079892722,"Uetlibergstrasse 20, 8045 Zürich, Switzerland",COOP SUPERMARKT ZÜRICH MANESSEHOF,4.0,COOP, 8041
47.36216222989273,8.508012329892722,"Friesenbergpl. 3, 8045 Zürich, Switzerland",COOP SUPERMARKT ZÜRICH ZENTRUM FRIESENBERG,3.9,COOP, 8041
47.32895437989271,8.531238729892722,"Zürichstrasse 114, 8134 Adliswil, Switzerland",COOP PRONTO SHOP MIT TANKSTELLE,4.1,COOP, 8041
47.37779107989272,8.560880529892723,"Zürichbergstrasse 75, 8044 Zürich, Switzerland",COOP SUPERMARKT ZÜRICH FLUNTERN,3.9,COOP, 8044
47.35950682989272,8.523890779892723,"Kalanderpl. 1, 8045 Zürich, Switzerland",COOP VITALITY ZÜRICH SIHL CITY,3.7,COOP, 8045
47.42042587989272,8.507092179892723,"Wehntalerstrasse 549, 8046 Zürich, Switzerland",COOP SUPERMARKT ZÜRICH WEHNTALERSTRASSE,4.0,COOP, 8046
47.42686112989272,8.49833442989272,"Mühlackerstrasse 199, 8046 Zürich, Switzerland",COOP SUPERMARKT ZÜRICH MÜHLACKERSTRASSE,4.2,COOP, 8046
47.37172947989272,8.49350912989272,"In der Ey 85, 8047 Zürich, Switzerland",COOP SUPERMARKT ZÜRICH TRIEMLI,4.2,COOP, 8047
47.37753762989272,8.488440429892721,"Albisriederstrasse 334, 8047 Zürich, Switzerland",COOP SUPERMARKT ZÜRICH A-PARK,4.0,COOP, 8047
47.37512527989272,8.50393632989272,"Gutstrasse 159, 8047 Zürich, Switzerland",COOP SUPERMARKT ZÜRICH GUTSTRASSE,3.9,COOP, 8047
47.38607362989271,8.497109779892721,"Badenerstrasse 575, 8048 Zürich, Switzerland",COOP PRONTO SHOP,4.4,COOP, 8047
47.38876337989272,8.490177029892724,"Badenerstrasse 650, 8048 Zürich, Switzerland",COOP SUPERMARKT ZÜRICH ALTSTETTEN,4.0,COOP, 8047
47.38898842989272,8.48673442989272,"Lindenpl. 6, 8048 Zürich, Switzerland",COOP SUPERMARKT ZÜRICH LINDENPLATZ,4.0,COOP, 8047
47.39348932989272,8.491500329892721,"Vulkanpl., 8048 Zürich, Switzerland",COOP SUPERMARKT ZÜRICH WESTLINK,4.1,COOP, 8048
47.39115337989273,8.47333762989272,"Am Suteracher 14, 8048 Zürich, Switzerland",COOP SUPERMARKT ZÜRICH SUTERACHER,4.1,COOP, 8048
47.39489942989273,8.48519742989272,"Vulkanstrasse 108, 8048 Zürich, Switzerland",COOP SUPERMARKT ZÜRICH VULKANSTRASSE,4.2,COOP, 8048
47.39221892989272,8.490570979892722,"Hohlstrasse 560, 8048 Zürich, Switzerland",COOP PRONTO SHOP,4.1,COOP, 8048
47.39466622989271,8.47581032989272,"Badenerstrasse 812, 8048 Zürich, Switzerland",COOP PRONTO SHOP,4.1,COOP, 8048
47.38894897989271,8.499882729892722,"Hohlstrasse 461, 8048 Zürich, Switzerland",COOP,4.2,COOP, 8048
47.38841397989273,8.500774029892721,"Baslerstrasse 50, 8066 Zürich, Switzerland",COOP BAU+HOBBY ZÜRICH LETZIPARK,3.9,COOP, 8048
47.40105182989272,8.498614329892723,"Am Wasser 146, 8049 Zürich, Switzerland",COOP PRONTO SHOP MIT TANKSTELLE,4.2,COOP, 8048
47.40403032989272,8.499730029892723,"Regensdorferstrasse 9, 8049 Zürich, Switzerland",COOP SUPERMARKT ZÜRICH HÖNGGERMARKT,4.2,COOP, 8049
47.40974647989272,8.509202479892723,"Wolfgang-Pauli-Strasse 14, 8049 Zürich, Switzerland",COOP SUPERMARKT ZÜRICH ETH HÖNGGERBERG,3.9,COOP, 8049
47.41508452989272,8.480966529892722,"Rütihofstrasse 15, 8049 Zürich, Switzerland",COOP SUPERMARKT ZÜRICH RÜTIHOF,3.7,COOP, 8049
47.40715372989272,8.482728679892722,"Frankentalerstrasse 20, 8049 Zürich, Switzerland",COOP SUPERMARKET,4.3,COOP, 8049
47.41463267989273,8.542394979892721,"Sophie-Taeuber-Strasse 4, 8050 Zürich, Switzerland",COOP SUPERMARKT ZÜRICH ELEVEN,4.3,COOP, 8050
47.40896522989271,8.55127412989272,"Schwamendingenstrasse 39, 8050 Zürich, Switzerland",COOP SUPERMARKT ZÜRICH DORFLINDE,4.0,COOP, 8050
47.41248187989273,8.544566629892723,"Hofwiesenstrasse 369, 8050 Zürich, Switzerland",COOP PRONTO SHOP,4.0,COOP, 8050
47.41271992989272,8.56371372989272,"Wallisellenstrasse 333, 8050 Zürich, Switzerland",COOP SUPERMARKT ZÜRICH PRECISA,4.0,COOP, 8050
47.41162212989273,8.547767029892722,"Wallisellenstrasse 1, 8050 Zürich, Switzerland",COOP CITY ZÜRICH OERLIKON FOOD,4.2,COOP, 8050
47.41407642989272,8.54823877989272,"Andreasstrasse 5, 8050 Zürich, Switzerland",COOP SUPERMARKT ZÜRICH ANDREASTURM,4.3,COOP, 8050
47.41524022989272,8.552833529892723,"Thurgauerstrasse 36, 8050 Zürich, Switzerland",COOP PRONTO SHOP,4.2,COOP, 8050
47.40649607989272,8.573742000000001,"Saatlenstrasse 12, 8051 Zürich, Switzerland",COOP SUPERMARKT ZÜRICH SCHWAMENDINGEN,3.9,COOP, 8050
47.42273047989273,8.55112627989272,"Schaffhauserstrasse 499, 8052 Zürich, Switzerland",COOP PRONTO SHOP,4.4,COOP, 8050
47.41454702989272,8.54235517989272,"Sophie-Taeuber-Strasse 4, 8050 Zürich, Switzerland",COOP KIOSK,0.0,COOP, 8050
47.41389432989271,8.54725007989272,"Schaffhauserstrasse 389, 8050 Zürich, Switzerland",COOP TOGO ZÜRICH OERLIKON BHF,3.8,COOP, 8050
47.41481347989272,8.542622229892721,"Sophie-Taeuber-Strasse 5, 8050 Zürich, Switzerland",COOP RESTAURANT,3.8,COOP, 8050
47.39697867989272,8.541741379892722,"Milchbuckstrasse 1/5, 8057 Zürich, Switzerland",COOP SUPERMARKT ZÜRICH MILCHBUCK,3.8,COOP, 8050
47.41454702989272,8.54235517989272,"Sophie-Taeuber-Strasse 4, 8050 Zürich, Switzerland",COOP VITALITY OERLIKON,3.1,COOP, 8050
47.40463147989272,8.590683279892723,"Hirzenbachstrasse 40, 8051 Zürich, Switzerland",COOP SUPERMARKT ZÜRICH HIRZENBACHSTRASSE,3.7,COOP, 8051
47.39817927989272,8.597698279892722,"Dübendorfstrasse 447, 8051 Zürich, Switzerland",COOP PRONTO SHOP,4.1,COOP, 8051
47.42632432989272,8.539044429892721,"Schwellistrasse 69, 8052 Zürich, Switzerland",COOP SUPERMARKT ZÜRICH SCHWELLISTRASSE,4.2,COOP, 8052
47.36142627989272,8.596077879892722,"Witikonerstrasse 409, 8053 Zürich, Switzerland",COOP SUPERMARKT ZÜRICH WITIKONERSTRASSE,4.0,COOP, 8053
47.36258472989272,8.507751829892722,"Friesenbergpl. 3, 8045 Zürich, Switzerland",COOP ZÜRICH SCHWEIGHOFSTRASSE,4.2,COOP, 8055
47.36932987989272,8.463300429892723,"Zürcherstrasse 1, 8142 Uitikon, Switzerland",COOP SUPERMARKT UITIKON WALDEGG,4.4,COOP, 8055
